{"n_estimators": 887, "max_depth": 9, "learning_rate": 0.03081720763097437, "subsample": 0.6103012188543759, "colsample_bytree": 0.9939367482877891, "gamma": 1.4577378375182446, "reg_lambda": 0.011735050162850773, "reg_alpha": 7.580891350411381}