{"n_estimators": 954, "max_depth": 5, "learning_rate": 0.05828233311463855, "subsample": 0.7700560006943428, "colsample_bytree": 0.9201194025694247, "gamma": 2.5121363904434193, "reg_lambda": 0.001546243153468307, "reg_alpha": 1.4732958362833446}