{"n_estimators": 925, "max_depth": 10, "learning_rate": 0.02154973185747001, "subsample": 0.7285527025564144, "colsample_bytree": 0.5792629178858408, "gamma": 1.4551032971055797, "reg_lambda": 0.6086875465141105, "reg_alpha": 3.583302187099561}