{"n_estimators": 998, "max_depth": 9, "learning_rate": 0.052519448594613875, "subsample": 0.60115318666294, "colsample_bytree": 0.8037840207289093, "gamma": 0.11150537236825639, "reg_lambda": 9.838986028375889, "reg_alpha": 0.0010025912430668103}