{"n_estimators": 891, "max_depth": 10, "learning_rate": 0.012625967329954297, "subsample": 0.7247841910740516, "colsample_bytree": 0.610293355036809, "gamma": 2.1386149772981007, "reg_lambda": 0.2417477195479326, "reg_alpha": 0.003900526543635175}