{"n_estimators": 995, "max_depth": 9, "learning_rate": 0.05846122492605669, "subsample": 0.8491366663925977, "colsample_bytree": 0.599807049006703, "gamma": 4.465665051478817, "reg_lambda": 0.4089466104027281, "reg_alpha": 0.0010158918428308556}