{"n_estimators": 488, "max_depth": 9, "learning_rate": 0.05192122505643912, "subsample": 0.9539901552901078, "colsample_bytree": 0.7840431730586198, "gamma": 4.4259417088920845, "reg_lambda": 2.118998084009643, "reg_alpha": 0.13102545028105037}