{"n_estimators": 947, "max_depth": 10, "learning_rate": 0.04518922159760647, "subsample": 0.7233372209697753, "colsample_bytree": 0.767451513222113, "gamma": 3.1007489892501594, "reg_lambda": 5.8228705756691115, "reg_alpha": 0.009574160824653628}