{"n_estimators": 605, "max_depth": 10, "learning_rate": 0.028717863000675223, "subsample": 0.7743686909954404, "colsample_bytree": 0.5385049560320256, "gamma": 1.3223756042267851, "reg_lambda": 0.03396773314568961, "reg_alpha": 1.385306170248741}