{"n_estimators": 706, "max_depth": 9, "learning_rate": 0.043286756237059174, "subsample": 0.8209916218374008, "colsample_bytree": 0.8181334969855485, "gamma": 0.00846428688105478, "reg_lambda": 0.3025341541338157, "reg_alpha": 2.207755502934077}