{"n_estimators": 991, "max_depth": 4, "learning_rate": 0.054014479035192846, "subsample": 0.7403315768276045, "colsample_bytree": 0.7469583139404676, "gamma": 2.117815308485731, "reg_lambda": 2.7234446187965444, "reg_alpha": 0.0010798684180556924}