{"n_estimators": 907, "max_depth": 4, "learning_rate": 0.05386441135806266, "subsample": 0.5250979236540607, "colsample_bytree": 0.557476143074842, "gamma": 0.6186852336069912, "reg_lambda": 0.2915785640013226, "reg_alpha": 0.025284797825117698}