{"iterations": 338, "depth": 8, "learning_rate": 0.09676054675440082, "l2_leaf_reg": 0.028989471530977036, "bagging_temperature": 0.5765697615511947, "random_strength": 0.13315532204807504, "border_count": 171}