{"iterations": 898, "depth": 4, "learning_rate": 0.0980955821838581, "l2_leaf_reg": 0.01816522112971564, "bagging_temperature": 0.656732384829701, "random_strength": 0.4331044093971032, "border_count": 218}