{"colsample_bytree": 0.5157170876611362, "learning_rate": 0.14823441109986865, "max_depth": 20, "max_leaves": 50, "n_estimators": 638, "subsample": 1.0}