{"colsample_bytree": 1.0, "learning_rate": 0.05230240861538042, "max_depth": 50, "max_leaves": 50, "n_estimators": 879, "subsample": 0.7517309504956975}